[{"row": "A", "column": [{"cell": "A1", "status": false}, {"cell": "A2", "status": false}, {"cell": "A3", "status": false}, {"cell": "A4", "status": false}, {"cell": "A5", "status": false}, {"cell": "A6", "status": false}, {"cell": "A7", "status": false}, {"cell": "A8", "status": false}, {"cell": "A9", "status": false}, {"cell": "A10", "status": false}, {"cell": "A11", "status": false}, {"cell": "A12", "status": false}, {"cell": "A13", "status": false}, {"cell": "A14", "status": false}, {"cell": "A15", "status": false}, {"cell": "A16", "status": false}, {"cell": "A17", "status": false}, {"cell": "A18", "status": false}, {"cell": "A19", "status": false}, {"cell": "A20", "status": false}]}, {"row": "B", "column": [{"cell": "B1", "status": false}, {"cell": "B2", "status": false}, {"cell": "B3", "status": false}, {"cell": "B4", "status": false}, {"cell": "B5", "status": false}, {"cell": "B6", "status": false}, {"cell": "B7", "status": false}, {"cell": "B8", "status": false}, {"cell": "B9", "status": false}, {"cell": "B10", "status": false}, {"cell": "B11", "status": false}, {"cell": "B12", "status": false}, {"cell": "B13", "status": false}, {"cell": "B14", "status": false}, {"cell": "B15", "status": false}, {"cell": "B16", "status": false}, {"cell": "B17", "status": false}, {"cell": "B18", "status": false}, {"cell": "B19", "status": false}, {"cell": "B20", "status": false}]}, {"row": "C", "column": [{"cell": "C1", "status": false}, {"cell": "C2", "status": false}, {"cell": "C3", "status": false}, {"cell": "C4", "status": false}, {"cell": "C5", "status": false}, {"cell": "C6", "status": false}, {"cell": "C7", "status": false}, {"cell": "C8", "status": false}, {"cell": "C9", "status": false}, {"cell": "C10", "status": false}, {"cell": "C11", "status": false}, {"cell": "C12", "status": false}, {"cell": "C13", "status": false}, {"cell": "C14", "status": false}, {"cell": "C15", "status": false}, {"cell": "C16", "status": false}, {"cell": "C17", "status": false}, {"cell": "C18", "status": false}, {"cell": "C19", "status": false}, {"cell": "C20", "status": false}]}, {"row": "D", "column": [{"cell": "D1", "status": false}, {"cell": "D2", "status": false}, {"cell": "D3", "status": false}, {"cell": "D4", "status": false}, {"cell": "D5", "status": false}, {"cell": "D6", "status": false}, {"cell": "D7", "status": false}, {"cell": "D8", "status": false}, {"cell": "D9", "status": false}, {"cell": "D10", "status": false}, {"cell": "D11", "status": false}, {"cell": "D12", "status": false}, {"cell": "D13", "status": false}, {"cell": "D14", "status": false}, {"cell": "D15", "status": false}, {"cell": "D16", "status": false}, {"cell": "D17", "status": false}, {"cell": "D18", "status": false}, {"cell": "D19", "status": false}, {"cell": "D20", "status": false}]}, {"row": "E", "column": [{"cell": "E1", "status": false}, {"cell": "E2", "status": false}, {"cell": "E3", "status": false}, {"cell": "E4", "status": false}, {"cell": "E5", "status": false}, {"cell": "E6", "status": false}, {"cell": "E7", "status": false}, {"cell": "E8", "status": false}, {"cell": "E9", "status": false}, {"cell": "E10", "status": false}, {"cell": "E11", "status": false}, {"cell": "E12", "status": false}, {"cell": "E13", "status": false}, {"cell": "E14", "status": false}, {"cell": "E15", "status": false}, {"cell": "E16", "status": false}, {"cell": "E17", "status": false}, {"cell": "E18", "status": false}, {"cell": "E19", "status": false}, {"cell": "E20", "status": false}]}, {"row": "F", "column": [{"cell": "F1", "status": false}, {"cell": "F2", "status": false}, {"cell": "F3", "status": false}, {"cell": "F4", "status": false}, {"cell": "F5", "status": false}, {"cell": "F6", "status": false}, {"cell": "F7", "status": false}, {"cell": "F8", "status": false}, {"cell": "F9", "status": false}, {"cell": "F10", "status": false}, {"cell": "F11", "status": false}, {"cell": "F12", "status": false}, {"cell": "F13", "status": false}, {"cell": "F14", "status": false}, {"cell": "F15", "status": false}, {"cell": "F16", "status": false}, {"cell": "F17", "status": false}, {"cell": "F18", "status": false}, {"cell": "F19", "status": false}, {"cell": "F20", "status": false}]}]